,Ticker,Security,SEC filings,GICS Sector,GICS Sub-Industry,Headquarters Location,Date first added,CIK,Founded,Company,Employees
0,MMM,3M Company,reports,Industrials,Industrial Conglomerates,"St. Paul, Minnesota",1976-08-09,66740.0,1902,3M,95000
1,ABT,Abbott Laboratories,reports,Health Care,Health Care Equipment,"North Chicago, Illinois",1964-03-31,1800.0,1888,Abbott Laboratories,107000
2,ABBV,AbbVie Inc.,reports,Health Care,Pharmaceuticals,"North Chicago, Illinois",2012-12-31,1551152.0,2013 (1888),AbbVie,38500
3,ABMD,Abiomed,reports,Health Care,Health Care Equipment,"Danvers, Massachusetts",2018-05-31,815094.0,1981,Abiomed,1536
4,ACN,Accenture,reports,Information Technology,IT Consulting & Other Services,"Dublin, Ireland",2011-07-06,1467373.0,1989,Accenture,510500
5,ATVI,Activision Blizzard,reports,Communication Services,Interactive Home Entertainment,"Santa Monica, California",2015-08-31,718877.0,2008,Activision Blizzard,9200
6,ADBE,Adobe Inc.,reports,Information Technology,Application Software,"San Jose, California",1997-05-05,796343.0,1982,Adobe,22516
7,AMD,Advanced Micro Devices,reports,Information Technology,Semiconductors,"Santa Clara, California",2017-03-20,2488.0,1969,Advanced Micro Devices,12600
8,AAP,Advance Auto Parts,reports,Consumer Discretionary,Automotive Retail,"Raleigh, North Carolina",2015-07-09,1158449.0,1932,Advance Auto Parts,67000
9,AES,AES Corp,reports,Utilities,Independent Power Producers & Energy Traders,"Arlington, Virginia",1998-10-02,874761.0,1981,AES,21000
10,AFL,Aflac,reports,Financials,Life & Health Insurance,"Columbus, Georgia",1999-05-28,4977.0,1955,Aflac,11729
11,A,Agilent Technologies,reports,Health Care,Health Care Equipment,"Santa Clara, California",2000-06-05,1090872.0,1999,Agilent Technologies,16342
12,APD,Air Products & Chemicals,reports,Materials,Industrial Gases,"Allentown, Pennsylvania",1985-04-30,2969.0,1940,Air Products & Chemicals,19275
13,AKAM,Akamai Technologies,reports,Information Technology,Internet Services & Infrastructure,"Cambridge, Massachusetts",2007-07-12,1086222.0,1998,Akamai Technologies,7724
14,ALK,Alaska Air Group,reports,Industrials,Airlines,"Seattle, Washington",2016-05-13,766421.0,1985,Alaska Air Group,20935
15,ALB,Albemarle Corporation,reports,Materials,Specialty Chemicals,"Charlotte, North Carolina",2016-07-01,915913.0,1994,Albemarle,6000
16,ARE,Alexandria Real Estate Equities,reports,Real Estate,Office REITs,"Pasadena, California",2017-03-20,1035443.0,1994,Alexandria Real Estate,470
17,ALXN,Alexion Pharmaceuticals,reports,Health Care,Pharmaceuticals,"Boston, Massachusetts",2012-05-25,899866.0,1992,Alexion Pharmaceuticals,3837
18,ALGN,Align Technology,reports,Health Care,Health Care Supplies,"San Jose, California",2017-06-19,1097149.0,1997,Align Tech,14530
19,ALLE,Allegion,reports,Industrials,Building Products,"Dublin, Ireland",2013-12-02,1579241.0,1908,Allegion,11000
20,LNT,Alliant Energy,reports,Utilities,Electric Utilities,"Madison, Wisconsin",2016-07-01,352541.0,1917,Alliant Energy,3597
21,ALL,Allstate Corp,reports,Financials,Property & Casualty Insurance,"Northfield Township, Illinois",1995-07-13,899051.0,1931,Allstate,46290
22,GOOGL,Alphabet Inc. (Class A),reports,Communication Services,Interactive Media & Services,"Mountain View, California",2014-04-03,1652044.0,1998,Alphabet,129492
23,GOOG,Alphabet Inc. (Class C),reports,Communication Services,Interactive Media & Services,"Mountain View, California",2006-04-03,1652044.0,1998,Alphabet,129492
24,MO,Altria Group Inc,reports,Consumer Staples,Tobacco,"Richmond, Virginia",1957-03-04,764180.0,1985,Altria Group,7300
25,AMZN,Amazon.com Inc.,reports,Consumer Discretionary,Internet & Direct Marketing Retail,"Seattle, Washington",2005-11-18,1018724.0,1994,Amazon.com,1298000
26,AMCR,Amcor plc,reports,Materials,Paper Packaging,"Warmley, Bristol, United Kingdom",2019-06-07,1748790.0,2019 (1860),Amcor,47000
27,AEE,Ameren Corp,reports,Utilities,Multi-Utilities,"St. Louis, Missouri",1991-09-19,1002910.0,1902,Ameren,9323
28,AAL,American Airlines Group,reports,Industrials,Airlines,"Fort Worth, Texas",2015-03-23,6201.0,1934,American Airlines Group,116025
29,AEP,American Electric Power,reports,Utilities,Electric Utilities,"Columbus, Ohio",1957-03-04,4904.0,1906,American Electric Power,17408
30,AXP,American Express,reports,Financials,Consumer Finance,"New York, New York",1976-06-30,4962.0,1850,American Express,63900
31,AIG,American International Group,reports,Financials,Property & Casualty Insurance,"New York, New York",1980-03-31,5272.0,1919,American Intl Gr,46000
32,AMT,American Tower Corp.,reports,Real Estate,Specialized REITs,"Boston, Massachusetts",2007-11-19,1053507.0,1995,American Tower,5454
33,AWK,American Water Works,reports,Utilities,Water Utilities,"Camden, New Jersey",2016-03-04,1410636.0,1886,American Water Works Co,6800
34,AMP,Ameriprise Financial,reports,Financials,Asset Management & Custody Banks,"Minneapolis, Minnesota",2005-10-03,820027.0,1894,Ameriprise Financial,12500
35,ABC,AmerisourceBergen,reports,Health Care,Health Care Distributors,"Chesterbrook, Pennsylvania",2001-08-30,1140859.0,1985,AmerisourceBergen,22000
36,AME,Ametek,reports,Industrials,Electrical Components & Equipment,"Berwyn, Pennsylvania",2013-09-23,1037868.0,1930,AMETEK,18100
37,AMGN,Amgen Inc.,reports,Health Care,Biotechnology,"Thousand Oaks, California",1992-01-02,318154.0,1980,Amgen,24300
38,APH,Amphenol Corp,reports,Information Technology,Electronic Components,"Wallingford, Connecticut",2008-09-30,820313.0,1932,Amphenol,80000
39,ADI,"Analog Devices, Inc.",reports,Information Technology,Semiconductors,"Norwood, Massachusetts",1999-10-12,6281.0,1965,Analog Devices,15900
40,ANSS,"ANSYS, Inc.",reports,Information Technology,Application Software,"Canonsburg, Pennsylvania",2017-06-19,1013462.0,1969,Ansys,4100
41,ANTM,Anthem,reports,Health Care,Managed Health Care,"Indianapolis, Indiana",2002-07-25,1156039.0,2014 (1946),Anthem,70600
42,AON,Aon plc,reports,Financials,Insurance Brokers,"London, United Kingdom",1996-04-23,315293.0,1982 (1919),Aon,50000
43,AOS,A.O. Smith Corp,reports,Industrials,Building Products,"Milwaukee, Wisconsin",2017-07-26,91142.0,1916,A.O. Smith,13900
44,APA,APA Corporation,reports,Energy,Oil & Gas Exploration & Production,"Houston, Texas",1997-07-28,6769.0,1954,Apache,3163
45,AAPL,Apple Inc.,reports,Information Technology,"Technology Hardware, Storage & Peripherals","Cupertino, California",1982-11-30,320193.0,1977,Apple,147000
46,AMAT,Applied Materials Inc.,reports,Information Technology,Semiconductor Equipment,"Santa Clara, California",1995-03-16,6951.0,1967,Applied Materials,24000
47,APTV,Aptiv PLC,reports,Consumer Discretionary,Auto Parts & Equipment,"Dublin, Ireland",2012-12-24,1521332.0,1994,Aptiv,151000
48,ADM,Archer-Daniels-Midland Co,reports,Consumer Staples,Agricultural Products,"Chicago, Illinois",1981-07-29,7084.0,1902,Archer-Daniels Midland,38100
49,ANET,Arista Networks,reports,Information Technology,Communications Equipment,"Santa Clara, California",2018-08-28,1596532.0,2004,Arista Networks,2300
50,AJG,Arthur J. Gallagher & Co.,reports,Financials,Insurance Brokers,"Rolling Meadows, Illinois",2016-05-31,354190.0,1927,Arthur J. Gallagher,32401
51,AIZ,Assurant,reports,Financials,Multi-line Insurance,"New York, New York",2007-04-10,1267238.0,1892,Assurant,14200
52,T,AT&T Inc.,reports,Communication Services,Integrated Telecommunication Services,"Dallas, Texas",1983-11-30 (1957-03-04),732717.0,1983 (1885),AT&T,242000
53,ATO,Atmos Energy,reports,Utilities,Gas Utilities,"Dallas, Texas",2019-02-15,731802.0,1906,Atmos Energy,4694
54,ADSK,Autodesk Inc.,reports,Information Technology,Application Software,"San Rafael, California",1989-12-01,769397.0,1982,Autodesk,10100
55,ADP,Automatic Data Processing,reports,Information Technology,Data Processing & Outsourced Services,"Roseland, New Jersey",1981-03-31,8670.0,1949,Automatic Data Processing,58000
56,AZO,AutoZone Inc,reports,Consumer Discretionary,Specialty Stores,"Memphis, Tennessee",1997-01-02,866787.0,1979,AutoZone,100000
57,AVB,AvalonBay Communities,reports,Real Estate,Residential REITs,"Arlington, Virginia[3]",2007-01-10,915912.0,1978,AvalonBay Communities,3122
58,AVY,Avery Dennison Corp,reports,Materials,Paper Packaging,"Glendale, California",1987-12-31,8818.0,1990,Avery Dennison,30000
59,BKR,Baker Hughes Co,reports,Energy,Oil & Gas Equipment & Services,"Houston, Texas",2017-07-07,1701605.0,2017,Baker Hughes,63250
60,BLL,Ball Corp,reports,Materials,Metal & Glass Containers,"Broomfield, Colorado",1984-10-31,9389.0,1880,Ball,18300
61,BAC,Bank of America Corp,reports,Financials,Diversified Banks,"Charlotte, North Carolina",1976-06-30,70858.0,1998 (1923 / 1874),Bank of America,210250
62,BK,The Bank of New York Mellon,reports,Financials,Asset Management & Custody Banks,"New York, New York",1995-03-31,1390777.0,1784,Bank of New York Mellon,48300
63,BAX,Baxter International Inc.,reports,Health Care,Health Care Equipment,"Deerfield, Illinois",1972-09-30,10456.0,1931,Baxter International,50000
64,BDX,Becton Dickinson,reports,Health Care,Health Care Equipment,"Franklin Lakes, New Jersey",1972-09-30,10795.0,1897,"Becton, Dickinson",72000
65,BRK.B,Berkshire Hathaway,reports,Financials,Multi-Sector Holdings,"Omaha, Nebraska",2010-02-16,1067983.0,1839,Berkshire Hathaway,391500
66,BBY,Best Buy Co. Inc.,reports,Consumer Discretionary,Computer & Electronics Retail,"Richfield, Minnesota",1999-06-29,764478.0,1966,Best Buy Co,125000
67,BIO,Bio-Rad Laboratories,reports,Health Care,Life Sciences Tools & Services,"Hercules, California",2020-06-22,12208.0,1952,Bio-Rad Laboratories,8120
68,BIIB,Biogen Inc.,reports,Health Care,Biotechnology,"Cambridge, Massachusetts",2003-11-13,875045.0,1978,Biogen,9100
69,BLK,BlackRock,reports,Financials,Asset Management & Custody Banks,"New York, New York",2011-04-04,1364742.0,1988,BlackRock,16350
70,BA,Boeing Company,reports,Industrials,Aerospace & Defense,"Chicago, Illinois",1957-03-04,12927.0,1916,Boeing,141000
71,BKNG,Booking Holdings Inc,reports,Consumer Discretionary,Internet & Direct Marketing Retail,"Norwalk, Connecticut",2009-11-06,1075531.0,1996,Booking Holdings,25400
72,BWA,BorgWarner,reports,Consumer Discretionary,Auto Parts & Equipment,"Auburn Hills, Michigan",2011-12-19,908255.0,1880,BorgWarner,29000
73,BXP,Boston Properties,reports,Real Estate,Office REITs,"Boston, Massachusetts",2006-04-03,1037540.0,1970,Boston Properties,760
74,BSX,Boston Scientific,reports,Health Care,Health Care Equipment,"Marlborough, Massachusetts[4]",1995-02-24,885725.0,1979,Boston Scientific,36000
75,BMY,Bristol-Myers Squibb,reports,Health Care,Health Care Distributors,"New York, New York",1957-03-04,14272.0,1989,Bristol-Myers Squibb,30250
76,AVGO,Broadcom Inc.,reports,Information Technology,Semiconductors,"San Jose, California",2014-05-08,1730168.0,1961,Broadcom,21000
77,BR,Broadridge Financial Solutions,reports,Information Technology,Data Processing & Outsourced Services,"Lake Success, New York",2018-06-18,1383312.0,1962,Broadridge Financial Soln,12000
78,BF.B,Brown-Forman Corp.,reports,Consumer Staples,Distillers & Vintners,"Louisville, Kentucky",1982-10-31,14693.0,1870,Brown-Forman,4800
79,CHRW,C. H. Robinson Worldwide,reports,Industrials,Air Freight & Logistics,"Eden Prairie, Minnesota",2007-03-02,1043277.0,1905,C.H. Robinson Worldwide,15337
80,COG,Cabot Oil & Gas,reports,Energy,Oil & Gas Exploration & Production,"Houston, Texas",2008-06-23,858470.0,1989,Cabot Oil & Gas,547
81,CDNS,Cadence Design Systems,reports,Information Technology,Application Software,"San Jose, California",2017-09-18,813672.0,1988,Cadence Design Systems,8100
82,CZR,Caesars Entertainment,reports,Consumer Discretionary,Casinos & Gaming,"Reno, Nevada",2021-03-22,1590895.0,1973,,-1
83,CPB,Campbell Soup,reports,Consumer Staples,Packaged Foods & Meats,"Camden, New Jersey",1957-03-04,16732.0,1869,Campbell Soup,14500
84,COF,Capital One Financial,reports,Financials,Consumer Finance,"Tysons Corner, Virginia",1998-07-01,927628.0,1994,Capital One Financial,52400
85,CAH,Cardinal Health Inc.,reports,Health Care,Health Care Distributors,"Dublin, Ohio",1997-05-27,721371.0,1971,Cardinal Health,48000
86,KMX,Carmax Inc,reports,Consumer Discretionary,Specialty Stores,"Richmond, Virginia",2010-06-28,1170010.0,1993,CarMax,27050
87,CCL,Carnival Corp.,reports,Consumer Discretionary,"Hotels, Resorts & Cruise Lines","Miami, Florida",1998-12-22,815097.0,1972,Carnival,70000
88,CARR,Carrier Global,reports,Industrials,Building Products,"Palm Beach Gardens, Florida",2020-04-03,1783180.0,2020 (1915),Carrier Global,55331
89,CTLT,Catalent,reports,Health Care,Pharmaceuticals,"Somerset, New Jersey",2020-09-21,1596783.0,2007,Catalent,13900
90,CAT,Caterpillar Inc.,reports,Industrials,Construction Machinery & Heavy Trucks,"Deerfield, Illinois",1957-03-04,18230.0,1925,Caterpillar,102300
91,CBOE,Cboe Global Markets,reports,Financials,Financial Exchanges & Data,"Chicago, Illinois",2017-03-01,1374310.0,1973,,-1
92,CBRE,CBRE Group,reports,Real Estate,Real Estate Services,"Dallas, Texas",2006-11-10,1138118.0,1906,CBRE Group,100000
93,CDW,CDW,reports,Information Technology,Technology Distributors,"Lincolnshire, Illinois",2019-09-23,1402057.0,1984,CDW,9900
94,CE,Celanese,reports,Materials,Specialty Chemicals,"Irving, Texas",2018-12-24,1306830.0,1918,Celanese,7658
95,CNC,Centene Corporation,reports,Health Care,Managed Health Care,"St. Louis, Missouri",2016-03-30,1071739.0,1984,Centene,56600
96,CNP,CenterPoint Energy,reports,Utilities,Multi-Utilities,"Houston, Texas",1985-07-31,1130310.0,1882,CenterPoint Energy,14262
97,CERN,Cerner,reports,Health Care,Health Care Technology,"North Kansas City, Missouri",2010-04-30,804753.0,1979,Cerner,27400
98,CF,CF Industries Holdings Inc,reports,Materials,Fertilizers & Agricultural Chemicals,"Deerfield, Illinois",2008-08-27,1324404.0,1946,CF Industries Holdings,3000
99,SCHW,Charles Schwab Corporation,reports,Financials,Investment Banking & Brokerage,"Westlake, Texas",1997-06-02,316709.0,1971,Charles Schwab,20950
100,CHTR,Charter Communications,reports,Communication Services,Cable & Satellite,"Stamford, Connecticut",2016-09-08,1091667.0,1993,Charter Communications,96100
101,CVX,Chevron Corp.,reports,Energy,Integrated Oil & Gas,"San Ramon, California",1957-03-04,93410.0,1879,Chevron,48200
102,CMG,Chipotle Mexican Grill,reports,Consumer Discretionary,Restaurants,"Newport Beach, California",2011-04-28,1058090.0,1993,Chipotle Mexican Grill,88000
103,CB,Chubb Limited,reports,Financials,Property & Casualty Insurance,"Zurich, Switzerland",2010-07-15,896159.0,1985,Chubb,33000
104,CHD,Church & Dwight,reports,Consumer Staples,Household Products,"Ewing, New Jersey",2015-12-29,313927.0,1847,Church & Dwight Co,4800
105,CI,Cigna,reports,Health Care,Managed Health Care,"Bloomfield, Connecticut",1976-06-30,1739940.0,1982,Cigna,73700
106,CINF,Cincinnati Financial,reports,Financials,Property & Casualty Insurance,"Fairfield, Ohio",1997-12-18,20286.0,1950,Cincinnati Financial,5148
107,CTAS,Cintas Corporation,reports,Industrials,Diversified Support Services,"Mason, Ohio",2001-03-01,723254.0,1929,Cintas,40000
108,CSCO,Cisco Systems,reports,Information Technology,Communications Equipment,"San Jose, California",1993-12-01,858877.0,1984,Cisco Systems,77500
109,C,Citigroup Inc.,reports,Financials,Diversified Banks,"New York, New York",1988-05-31,831001.0,1998,Citigroup,200000
110,CFG,Citizens Financial Group,reports,Financials,Regional Banks,"Providence, Rhode Island",2016-01-29,759944.0,1828,Citizens Financial Group,18000
111,CTXS,Citrix Systems,reports,Information Technology,Application Software,"Fort Lauderdale, Florida",1999-12-01,877890.0,1989,Citrix Systems,9000
112,CLX,The Clorox Company,reports,Consumer Staples,Household Products,"Oakland, California",1969-03-31,21076.0,1913,Clorox,8800
113,CME,CME Group Inc.,reports,Financials,Financial Exchanges & Data,"Chicago, Illinois",2006-08-11,1156375.0,1848,CME Group,4360
114,CMS,CMS Energy,reports,Utilities,Multi-Utilities,"Jackson, Michigan",1999-05-03,811156.0,1886,CMS Energy,8837
115,KO,Coca-Cola Company,reports,Consumer Staples,Soft Drinks,"Atlanta, Georgia",1957-03-04,21344.0,1886,Coca-Cola,86200
116,CTSH,Cognizant Technology Solutions,reports,Information Technology,IT Consulting & Other Services,"Teaneck, New Jersey",2006-11-17,1058290.0,1994,Cognizant Tech Solns,286375
117,CL,Colgate-Palmolive,reports,Consumer Staples,Household Products,"New York, New York",1957-03-04,21665.0,1806,Colgate-Palmolive,34300
118,CMCSA,Comcast Corp.,reports,Communication Services,Cable & Satellite,"Philadelphia, Pennsylvania",2002-11-19,1166691.0,1963,Comcast,168000
119,CMA,Comerica Inc.,reports,Financials,Diversified Banks,"Dallas, Texas",1995-12-01,28412.0,1849,Comerica,7870
120,CAG,Conagra Brands,reports,Consumer Staples,Packaged Foods & Meats,"Chicago, Illinois",1983-08-31,23217.0,1919,Conagra Brands,16500
121,COP,ConocoPhillips,reports,Energy,Oil & Gas Exploration & Production,"Houston, Texas",1957-03-04,1163165.0,2002,ConocoPhillips,10075
122,ED,Consolidated Edison,reports,Utilities,Electric Utilities,"New York, New York",,1047862.0,1823,Consolidated Edison,14890
123,STZ,Constellation Brands,reports,Consumer Staples,Distillers & Vintners,"Victor, New York",2005-07-01,16918.0,1945,Constellation Brands,9000
124,COO,The Cooper Companies,reports,Health Care,Health Care Supplies,"San Ramon, California",2016-09-23,711404.0,1958,Cooper Companies,12000
125,CPRT,Copart Inc,reports,Industrials,Diversified Support Services,"Dallas, Texas",2018-07-02,900075.0,1982,Copart,7600
126,GLW,Corning Inc.,reports,Information Technology,Electronic Components,"Corning, New York",,24741.0,1851,Corning,50110
127,CTVA,Corteva,reports,Materials,Fertilizers & Agricultural Chemicals,"Wilmington, Delaware",2019-06-03,1755672.0,2019,Corteva,21000
128,COST,Costco Wholesale Corp.,reports,Consumer Staples,Hypermarkets & Super Centers,"Issaquah, Washington",1993-10-01,909832.0,1976,Costco Wholesale,273000
129,CCI,Crown Castle,reports,Real Estate,Specialized REITs,"Houston, Texas",2012-03-14,1051470.0,1994,Crown Castle Intl,5100
130,CSX,CSX Corp.,reports,Industrials,Railroads,"Jacksonville, Florida",1967-09-30,277948.0,1980,CSX,19300
131,CMI,Cummins Inc.,reports,Industrials,Industrial Machinery,"Columbus, Indiana",1965-03-31,26172.0,1919,Cummins,59720
132,CVS,CVS Health,reports,Health Care,Health Care Services,"Woonsocket, Rhode Island",1957-03-04,64803.0,1996,CVS Health,290000
133,DHI,D. R. Horton,reports,Consumer Discretionary,Homebuilding,"Arlington, Texas",2005-06-22,882184.0,1978,D.R. Horton,9716
134,DHR,Danaher Corp.,reports,Health Care,Health Care Equipment,"Washington, D.C.",,313616.0,1969,Danaher,60000
135,DRI,Darden Restaurants,reports,Consumer Discretionary,Restaurants,"Orlando, Florida",,940944.0,1938,Darden Restaurants,177000
136,DVA,DaVita Inc.,reports,Health Care,Health Care Facilities,"Denver, Colorado",2008-07-31,927066.0,1979,DaVita,67000
137,DE,Deere & Co.,reports,Industrials,Agricultural & Farm Machinery,"Moline, Illinois",1957-03-04,315189.0,1837,Deere,69600
138,DAL,Delta Air Lines Inc.,reports,Industrials,Airlines,"Atlanta, Georgia",2013-09-11,27904.0,1929,Delta Air Lines,74000
139,XRAY,Dentsply Sirona,reports,Health Care,Health Care Supplies,"Charlotte, North Carolina",2008-11-14,818479.0,2016 (1969),Dentsply Sirona,15200
140,DVN,Devon Energy,reports,Energy,Oil & Gas Exploration & Production,"Oklahoma City, Oklahoma",2000-08-30,1090012.0,1971,Devon Energy,1800
141,DXCM,DexCom,reports,Health Care,Health Care Equipment,"San Diego, California",2020-05-12,1093557.0,1999,DexCom,6400
142,FANG,Diamondback Energy,reports,Energy,Oil & Gas Exploration & Production,"Midland, Texas",2018-12-03,1539838.0,2007,Diamondback Energy,712
143,DLR,Digital Realty Trust Inc,reports,Real Estate,Specialized REITs,"Austin, Texas",2016-05-18,1297996.0,2004,Digital Realty Trust,1550
144,DFS,Discover Financial Services,reports,Financials,Consumer Finance,"Riverwoods, Illinois",2007-07-02,1393612.0,1985,Discover Financial,17200
145,DISCA,"Discovery, Inc. (Series A)",reports,Communication Services,Broadcasting,"New York, New York",2010-03-01,1437107.0,1985,Discovery,9200
146,DISCK,"Discovery, Inc. (Series C)",reports,Communication Services,Broadcasting,"New York, New York",2014-08-07,1437107.0,1985,Discovery,9200
147,DISH,Dish Network,reports,Communication Services,Cable & Satellite,"Meridian, Colorado",2017-03-13,1001082.0,1980,DISH Network,16000
148,DG,Dollar General,reports,Consumer Discretionary,General Merchandise Stores,"Goodlettsville, Tennessee",2012-12-03,29534.0,1939,Dollar General,143000
149,DLTR,Dollar Tree,reports,Consumer Discretionary,General Merchandise Stores,"Chesapeake, Virginia",2011-12-19,935703.0,1986,Dollar Tree,193100
150,D,Dominion Energy,reports,Utilities,Electric Utilities,"Richmond, Virginia",,715957.0,1983,Dominion Energy,19100
151,DPZ,Domino's Pizza,reports,Consumer Discretionary,Restaurants,"Ann Arbor, Michigan",2020-05-12,1286681.0,1960,Domino’s Pizza,13100
152,DOV,Dover Corporation,reports,Industrials,Industrial Machinery,"Downers Grove, Illinois",1985-10-31,29905.0,1955,Dover,23000
153,DOW,Dow Inc.,reports,Materials,Commodity Chemicals,"Midland, Michigan",2019-04-01,1751788.0,2019,Dow,35700
154,DTE,DTE Energy Co.,reports,Utilities,Multi-Utilities,"Detroit, Michigan",1957-03-04,936340.0,1995,DTE Energy,15600
155,DUK,Duke Energy,reports,Utilities,Electric Utilities,"Charlotte, North Carolina",1976-06-30,1326160.0,1904,Duke Energy,28793
156,DRE,Duke Realty Corp,reports,Real Estate,Industrial REITs,"Indianapolis, Indiana",2017-07-26,783280.0,1972,Duke Realty,400
157,DD,DuPont de Nemours Inc,reports,Materials,Specialty Chemicals,"Wilmington, Delaware",2019-04-02,1666700.0,2017,DuPont de Nemours,34250
158,DXC,DXC Technology,reports,Information Technology,IT Consulting & Other Services,"Tysons Corner, Virginia",2017-04-04,1688568.0,2017,DXC Technology,138000
159,EMN,Eastman Chemical,reports,Materials,Diversified Chemicals,"Kingsport, Tennessee",1994-01-01,915389.0,1920,Eastman Chemical,14500
160,ETN,Eaton Corporation,reports,Industrials,Electrical Components & Equipment,"Dublin, Ireland",,1551182.0,1911,Eaton Corp,95250
161,EBAY,eBay Inc.,reports,Consumer Discretionary,Internet & Direct Marketing Retail,"San Jose, California",2002-07-22,1065088.0,1995,eBay,12700
162,ECL,Ecolab Inc.,reports,Materials,Specialty Chemicals,"St. Paul, Minnesota",1989-01-31,31462.0,1923,Ecolab,50200
163,EIX,Edison Int'l,reports,Utilities,Electric Utilities,"Rosemead, California",1957-03-04,827052.0,1886,Edison Intl,12937
164,EW,Edwards Lifesciences,reports,Health Care,Health Care Equipment,"Irvine, California",2011-04-01,1099800.0,1958,Edwards Lifesciences,14650
165,EA,Electronic Arts,reports,Communication Services,Interactive Home Entertainment,"Redwood City, California",2002-07-22,712515.0,1982,Electronic Arts,9800
166,EMR,Emerson Electric Company,reports,Industrials,Electrical Components & Equipment,"Ferguson, Missouri",1965-03-31,32604.0,1890,Emerson Electric,83500
167,ENPH,Enphase Energy,reports,Information Technology,Electronic Components,"Fremont, California",2021-01-07,1463101.0,2006,Enphase Energy,577
168,ETR,Entergy Corp.,reports,Utilities,Electric Utilities,"New Orleans, Louisiana",1957-03-04,65984.0,1913,Entergy,13635
169,EOG,EOG Resources,reports,Energy,Oil & Gas Exploration & Production,"Houston, Texas",2000-11-02,821189.0,1999,EOG Resources,2900
170,EFX,Equifax Inc.,reports,Industrials,Research & Consulting Services,"Atlanta, Georgia",1997-06-19,33185.0,1899,Equifax,11200
171,EQIX,Equinix,reports,Real Estate,Specialized REITs,"Redwood City, California",2015-03-20,1101239.0,1998,Equinix,8378
172,EQR,Equity Residential,reports,Real Estate,Residential REITs,"Chicago, Illinois",2001-12-03,906107.0,1969,Equity Residential,2700
173,ESS,"Essex Property Trust, Inc.",reports,Real Estate,Residential REITs,"San Mateo, California",2014-04-02,920522.0,1971,Essex Property Trust,1822
174,EL,Estée Lauder Companies,reports,Consumer Staples,Personal Products,"New York, New York",2006-01-05,1001250.0,1946,Estee Lauder Cos,48000
175,ETSY,Etsy,reports,Consumer Discretionary,Internet & Direct Marketing Retail,"Brooklyn, New York",2020-09-21,1370637.0,2005,Etsy,1295
176,EVRG,Evergy,reports,Utilities,Electric Utilities,"Kansas City, Missouri",2018-06-05,1711269.0,1909,Evergy,4617
177,ES,Eversource Energy,reports,Utilities,Multi-Utilities,"Hartford, Connecticut",,72741.0,1966,Eversource Energy,8234
178,RE,Everest Re Group Ltd.,reports,Financials,Reinsurance,"Hamilton, Bermuda",2017-06-19,1095073.0,1973,Everest Re Group,1603
179,EXC,Exelon Corp.,reports,Utilities,Multi-Utilities,"Chicago, Illinois",1957-03-04,1109357.0,2000,Exelon,32713
180,EXPE,Expedia Group,reports,Consumer Discretionary,Internet & Direct Marketing Retail,"Seattle, Washington",2007-10-02,1324424.0,1996,Expedia Group,19100
181,EXPD,Expeditors,reports,Industrials,Air Freight & Logistics,"Seattle, Washington",2007-10-10,746515.0,1979,Expeditors International,18000
182,EXR,Extra Space Storage,reports,Real Estate,Specialized REITs,"Salt Lake City, Utah",2016-01-19,1289490.0,1977,Extra Space Storage,4048
183,XOM,Exxon Mobil Corp.,reports,Energy,Integrated Oil & Gas,"Irving, Texas",1957-03-04,34088.0,1999,Exxon Mobil,74900
184,FFIV,F5 Networks,reports,Information Technology,Communications Equipment,"Seattle, Washington",2010-12-20,1048695.0,1996,F5 Networks,5983
185,FB,"Facebook, Inc.",reports,Communication Services,Interactive Media & Services,"Menlo Park, California",2013-12-23,1326801.0,2004,Facebook,54014
186,FAST,Fastenal Co,reports,Industrials,Building Products,"Winona, Minnesota",2008-09-15,815556.0,1967,Fastenal,20874
187,FRT,Federal Realty Investment Trust,reports,Real Estate,Retail REITs,"Rockville, Maryland",2016-02-01,34903.0,1962,Federal Realty Investment,311
188,FDX,FedEx Corporation,reports,Industrials,Air Freight & Logistics,"Memphis, Tennessee",1980-12-31,1048911.0,1971,FedEx,506000
189,FIS,Fidelity National Information Services,reports,Information Technology,Data Processing & Outsourced Services,"Jacksonville, Florida",2006-11-10,1136893.0,1968,Fidelity National Info,55000
190,FITB,Fifth Third Bancorp,reports,Financials,Regional Banks,"Cincinnati, Ohio",,35527.0,1858,Fifth Third Bancorp,20168
191,FE,FirstEnergy Corp,reports,Utilities,Electric Utilities,"Akron, Ohio",,1031296.0,1997,FirstEnergy,12316
192,FRC,First Republic Bank,reports,Financials,Regional Banks,"San Francisco, California",2019-01-02,1132979.0,1985,First Republic Bank,5049
193,FISV,Fiserv Inc,reports,Information Technology,Data Processing & Outsourced Services,"Brookfield, Wisconsin",2001-04-02,798354.0,1984,Fiserv,44000
194,FLT,FleetCor Technologies Inc,reports,Information Technology,Data Processing & Outsourced Services,"Norcross, Georgia",2018-06-20,1175454.0,2000,Fleetcor Technologies,8175
195,FLIR,FLIR Systems,reports,Information Technology,Electronic Equipment & Instruments,"Wilsonville, Oregon",2009-01-02,354908.0,1978,FLIR Systems,4265
196,FMC,FMC Corporation,reports,Materials,Fertilizers & Agricultural Chemicals,"Philadelphia, Pennsylvania",2009-08-19,37785.0,1883,FMC,6400
197,F,Ford Motor Company,reports,Consumer Discretionary,Automobile Manufacturers,"Dearborn, Michigan",1957-03-04,37996.0,1903,Ford Motor,186000
198,FTNT,Fortinet,reports,Information Technology,Systems Software,"Sunnyvale, California",2018-10-11,1262039.0,2000,Fortinet,7553
199,FTV,Fortive Corp,reports,Industrials,Industrial Machinery,"Everett, Washington",2016-07-01,1659166.0,2016,Fortive,25000
200,FBHS,Fortune Brands Home & Security,reports,Industrials,Building Products,"Deerfield, Illinois",2016-06-22,1519751.0,2011 (1969),Fortune Brands Home,24700
201,FOXA,Fox Corporation (Class A),reports,Communication Services,Movies & Entertainment,"New York, New York",2013-07-01,1754301.0,2019,Fox,9000
202,FOX,Fox Corporation (Class B),reports,Communication Services,Movies & Entertainment,"New York, New York",2015-09-18,1754301.0,2019,Fox,9000
203,BEN,Franklin Resources,reports,Financials,Asset Management & Custody Banks,"San Mateo, California",,38777.0,1947,Franklin Resources,10575
204,FCX,Freeport-McMoRan Inc.,reports,Materials,Copper,"Phoenix, Arizona",,831259.0,1912,Freeport-McMoRan,27500
205,GPS,Gap Inc.,reports,Consumer Discretionary,Apparel Retail,"San Francisco, California",1986-08-31,39911.0,1969,Gap,129000
206,GRMN,Garmin Ltd.,reports,Consumer Discretionary,Consumer Electronics,"Schaffhausen, Switzerland",2012-12-12,1121788.0,1989,Garmin,15000
207,IT,Gartner Inc,reports,Information Technology,IT Consulting & Other Services,"Stamford, Connecticut",2017-04-05,749251.0,1979,Gartner,16724
208,GNRC,Generac Holdings,reports,Industrials,Electrical Components & Equipment,"Waukesha, Wisconsin",2021-03-22,1474735.0,1959,,-1
209,GD,General Dynamics,reports,Industrials,Aerospace & Defense,"Falls Church, Virginia",1957-03-04,40533.0,1899,General Dynamics,100700
210,GE,General Electric,reports,Industrials,Industrial Conglomerates,"Boston, Massachusetts",,40545.0,1892,General Electric,174000
211,GIS,General Mills,reports,Consumer Staples,Packaged Foods & Meats,"Golden Valley, Minnesota",1969-03-31,40704.0,1856,General Mills,35000
212,GM,General Motors,reports,Consumer Discretionary,Automobile Manufacturers,"Detroit, Michigan",2013-06-06,1467858.0,1908,General Motors,155000
213,GPC,Genuine Parts,reports,Consumer Discretionary,Specialty Stores,"Atlanta, Georgia",1973-12-31,40987.0,1925,Genuine Parts,55000
214,GILD,Gilead Sciences,reports,Health Care,Biotechnology,"Foster City, California",2004-07-01,882095.0,1987,Gilead Sciences,11800
215,GL,Globe Life Inc.,reports,Financials,Life & Health Insurance,"McKinney, Texas",1989-04-30,320335.0,1900,Globe Life,3196
216,GPN,Global Payments Inc.,reports,Information Technology,Data Processing & Outsourced Services,"Atlanta, Georgia",2016-04-25,1123360.0,2000,Global Payments,24000
217,GS,Goldman Sachs Group,reports,Financials,Investment Banking & Brokerage,"New York, New York",2002-07-22,886982.0,1869,Goldman Sachs Group,38300
218,GWW,Grainger (W.W.) Inc.,reports,Industrials,Industrial Machinery,"Lake Forest, Illinois",1981-06-30,277135.0,1927,W.W. Grainger,25300
219,HAL,Halliburton Co.,reports,Energy,Oil & Gas Equipment & Services,"Houston, Texas",1957-03-04,45012.0,1919,Halliburton,42500
220,HBI,Hanesbrands Inc,reports,Consumer Discretionary,"Apparel, Accessories & Luxury Goods","Winston-Salem, North Carolina",2015-03-20,1359841.0,2000,Hanesbrands,61000
221,HIG,Hartford Financial Svc.Gp.,reports,Financials,Property & Casualty Insurance,"Hartford, Connecticut",1957-03-04,874766.0,1810,Hartford Finl Servs Gr,19500
222,HAS,Hasbro Inc.,reports,Consumer Discretionary,Leisure Products,"Pawtucket, Rhode Island",1984-09-30,46080.0,1923,Hasbro,5600
223,HCA,HCA Healthcare,reports,Health Care,Health Care Facilities,"Nashville, Tennessee",2015-01-27,860730.0,1968,HCA Healthcare,280000
224,PEAK,Healthpeak Properties,reports,Real Estate,Health Care REITs,"Long Beach, California",2008-03-31,765880.0,1985,Healthpeak Properties,217
225,HSIC,Henry Schein,reports,Health Care,Health Care Distributors,"Melville, New York",2015-03-17,1000228.0,1932,Henry Schein,19000
226,HSY,The Hershey Company,reports,Consumer Staples,Packaged Foods & Meats,"Hershey, Pennsylvania",1957-03-04,47111.0,1894,Hershey,16140
227,HES,Hess Corporation,reports,Energy,Integrated Oil & Gas,"New York, New York",1984-05-31,4447.0,1919,Hess,1775
228,HPE,Hewlett Packard Enterprise,reports,Information Technology,"Technology Hardware, Storage & Peripherals","Houston, Texas",2015-11-02,1645590.0,2015,Hewlett Packard,59400
229,HLT,Hilton Worldwide Holdings Inc,reports,Consumer Discretionary,"Hotels, Resorts & Cruise Lines","Tysons Corner, Virginia",2017-06-19,1585689.0,1919,Hilton Worldwide Holdings,173000
230,HFC,HollyFrontier Corp,reports,Energy,Oil & Gas Refining & Marketing,"Dallas, Texas",2018-06-18,48039.0,1947,HollyFrontier,4074
231,HOLX,Hologic,reports,Health Care,Health Care Equipment,"Marlborough, Massachusetts",2016-03-30,859737.0,1985,Hologic,5814
232,HD,Home Depot,reports,Consumer Discretionary,Home Improvement Retail,"Atlanta, Georgia",1988-03-31,354950.0,1978,Home Depot,415700
233,HON,Honeywell Int'l Inc.,reports,Industrials,Industrial Conglomerates,"Morristown, New Jersey",1964-03-31,773840.0,1906,Honeywell International,105500
234,HRL,Hormel Foods Corp.,reports,Consumer Staples,Packaged Foods & Meats,"Austin, Minnesota",2009-03-04,48465.0,1891,Hormel Foods,18900
235,HST,Host Hotels & Resorts,reports,Real Estate,Hotel & Resort REITs,"Bethesda, Maryland",2007-03-20,1070750.0,1993,Host Hotels & Resorts,175
236,HWM,Howmet Aerospace,reports,Industrials,Aerospace & Defense,"Pittsburgh, Pennsylvania",1964-03-31,4281.0,2016,Howmet Aerospace,41700
237,HPQ,HP Inc.,reports,Information Technology,"Technology Hardware, Storage & Peripherals","Palo Alto, California",1974-12-31,47217.0,1939 (2015),HP,53000
238,HUM,Humana Inc.,reports,Health Care,Managed Health Care,"Louisville, Kentucky",,49071.0,1961,Humana,46000
239,HBAN,Huntington Bancshares,reports,Financials,Regional Banks,"Columbus, Ohio",,49196.0,1866,Huntington Bancshares,15608
240,HII,Huntington Ingalls Industries,reports,Industrials,Aerospace & Defense,"Newport News, Virginia",2018-01-03,1501585.0,2011,Huntington Ingalls Indus,42000
241,IEX,IDEX Corporation,reports,Industrials,Industrial Machinery,"Lake Forest, Illinois",2019-08-09,832101.0,1988,IDEX,7439
242,IDXX,Idexx Laboratories,reports,Health Care,Health Care Equipment,"Westbrook, Maine",2017-01-05,874716.0,1983,IDEXX Laboratories,9300
243,INFO,IHS Markit,reports,Industrials,Research & Consulting Services,"London, United Kingdom",2017-06-02,1598014.0,1959,IHS Markit,16000
244,ITW,Illinois Tool Works,reports,Industrials,Industrial Machinery,"Glenview, Illinois",1986-02-28,49826.0,1912,Illinois Tool Works,44000
245,ILMN,Illumina Inc,reports,Health Care,Life Sciences Tools & Services,"San Diego, California",2015-11-19,1110803.0,1998,Illumina,7700
246,INCY,Incyte,reports,Health Care,Biotechnology,"Wilmington, Delaware",2017-02-28,879169.0,1991,Incyte,1773
247,IR,Ingersoll Rand,reports,Industrials,Industrial Machinery,"Milwaukee, Wisconsin",2020-03-03,1699150.0,1859,Ingersoll Rand,6600
248,INTC,Intel Corp.,reports,Information Technology,Semiconductors,"Santa Clara, California",1976-12-31,50863.0,1968,Intel,110600
249,ICE,Intercontinental Exchange,reports,Financials,Financial Exchanges & Data,"Atlanta, Georgia",2007-09-26,1571949.0,2000,Intercontinental Exchange,7512
250,IBM,International Business Machines,reports,Information Technology,IT Consulting & Other Services,"Armonk, New York",1957-03-04,51143.0,1911,IBM,381100
251,IP,International Paper,reports,Materials,Paper Packaging,"Memphis, Tennessee",1957-03-04,51434.0,1898,International Paper,51000
252,IPG,Interpublic Group,reports,Communication Services,Advertising,"New York, New York",1992-10-01,51644.0,1961 (1930),Interpublic Gr of Cos,54300
253,IFF,International Flavors & Fragrances,reports,Materials,Specialty Chemicals,"New York, New York",1976-03-31,51253.0,1958 (1889),Intl Flavors & Fragrances,13600
254,INTU,Intuit Inc.,reports,Information Technology,Application Software,"Mountain View, California",2000-12-05,896878.0,1983,Intuit,10600
255,ISRG,Intuitive Surgical Inc.,reports,Health Care,Health Care Equipment,"Sunnyvale, California",2008-06-02,1035267.0,1995,Intuitive Surgical,8081
256,IVZ,Invesco Ltd.,reports,Financials,Asset Management & Custody Banks,"Atlanta, Georgia",2008-08-21,914208.0,1935,Invesco,8761
257,IPGP,IPG Photonics Corp.,reports,Information Technology,Electronic Manufacturing Services,"Oxford, Massachusetts",2018-03-07,1111928.0,1990,IPG Photonics,5960
258,IQV,IQVIA Holdings Inc.,reports,Health Care,Life Sciences Tools & Services,"Durham, North Carolina",2017-08-29,1478242.0,1982,IQVIA Holdings,68000
259,IRM,Iron Mountain Incorporated,reports,Real Estate,Specialized REITs,"Boston, Massachusetts",2009-01-06,1020569.0,1951,Iron Mountain,25000
260,JKHY,Jack Henry & Associates,reports,Information Technology,Data Processing & Outsourced Services,"Monett, Missouri",2018-11-13,779152.0,1976,Jack Henry & Associates,6717
261,J,Jacobs Engineering Group,reports,Industrials,Construction & Engineering,"Dallas, Texas",2007-10-26,52988.0,1947,Jacobs Engineering Group,55000
262,JBHT,J. B. Hunt Transport Services,reports,Industrials,Trucking,"Lowell, Arkansas",2015-07-01,728535.0,1961,JB Hunt Transport Servs,29056
263,SJM,JM Smucker,reports,Consumer Staples,Packaged Foods & Meats,"Orrville, Ohio",2008-11-06,91419.0,1897,JM Smucker,7300
264,JNJ,Johnson & Johnson,reports,Health Care,Pharmaceuticals,"New Brunswick, New Jersey",1973-06-30,200406.0,1886,Johnson & Johnson,132200
265,JCI,Johnson Controls International,reports,Industrials,Building Products,"Cork, Ireland",2010-08-27,833444.0,1885,Johnson Controls Intl,83000
266,JPM,JPMorgan Chase & Co.,reports,Financials,Diversified Banks,"New York, New York",1975-06-30,19617.0,2000 (1799 / 1871),JPMorgan Chase,256692
267,JNPR,Juniper Networks,reports,Information Technology,Communications Equipment,"Sunnyvale, California",2006-06-02,1043604.0,1996,Juniper Networks,9817
268,KSU,Kansas City Southern,reports,Industrials,Railroads,"Kansas City, Missouri",2013-05-24,54480.0,1887,Kansas City Southern,6522
269,K,Kellogg Co.,reports,Consumer Staples,Packaged Foods & Meats,"Battle Creek, Michigan",,55067.0,1906,Kellogg,31000
270,KEY,KeyCorp,reports,Financials,Regional Banks,"Cleveland, Ohio",1994-03-01,91576.0,1825,KeyCorp,16744
271,KEYS,Keysight Technologies,reports,Information Technology,Electronic Equipment & Instruments,"Santa Rosa, California",2018-11-06,1601046.0,2014,Keysight Technologies,13900
272,KMB,Kimberly-Clark,reports,Consumer Staples,Household Products,"Irving, Texas",1957-03-04,55785.0,1872,Kimberly-Clark,44500
273,KIM,Kimco Realty,reports,Real Estate,Retail REITs,"New Hyde Park, New York",2006-04-04,879101.0,1958,Kimco Realty,502
274,KMI,Kinder Morgan,reports,Energy,Oil & Gas Storage & Transportation,"Houston, Texas",2012-05-25,1506307.0,1997,Kinder Morgan,10524
275,KLAC,KLA Corporation,reports,Information Technology,Semiconductor Equipment,"Milpitas, California",,319201.0,1975/1977 (1997),KLA,10600
276,KHC,Kraft Heinz Co,reports,Consumer Staples,Packaged Foods & Meats,"Chicago, Illinois; Pittsburgh, Pennsylvania",2015-07-06,1637459.0,2015 (1869),Kraft Heinz,37000
277,KR,Kroger Co.,reports,Consumer Staples,Food Retail,"Cincinnati, Ohio",1957-03-04,56873.0,1883,Kroger,435000
278,LB,L Brands Inc.,reports,Consumer Discretionary,Apparel Retail,"Columbus, Ohio",1983-09-30,701985.0,1963,L Brands,94400
279,LHX,L3Harris Technologies,reports,Industrials,Aerospace & Defense,"Melbourne, Florida",2008-09-22,202058.0,2019 (1895),L3Harris Technologies,31000
280,LH,Laboratory Corp. of America Holding,reports,Health Care,Health Care Services,"Burlington, North Carolina",2004-11-01,920148.0,1978,Laboratory Corp,65000
281,LRCX,Lam Research,reports,Information Technology,Semiconductor Equipment,"Fremont, California",2012-06-29,707549.0,1980,Lam Research,11850
282,LW,Lamb Weston Holdings Inc,reports,Consumer Staples,Packaged Foods & Meats,"Eagle, Idaho",2018-12-03,1679273.0,2016 (1950),Lamb Weston Hldgs,7700
283,LVS,Las Vegas Sands,reports,Consumer Discretionary,Casinos & Gaming,"Las Vegas, Nevada",2019-10-03,1300514.0,1988,Las Vegas Sands,46000
284,LEG,Leggett & Platt,reports,Consumer Discretionary,Home Furnishings,"Carthage, Missouri",,58492.0,1883,Leggett & Platt,22000
285,LDOS,Leidos Holdings,reports,Industrials,Diversified Support Services,"Reston, Virginia",2019-08-09,1336920.0,1969,Leidos Holdings,34000
286,LEN,Lennar Corp.,reports,Consumer Discretionary,Homebuilding,"Miami, Florida",2005-10-04,920760.0,1954,Lennar,9495
287,LLY,Lilly (Eli) & Co.,reports,Health Care,Pharmaceuticals,"Indianapolis, Indiana",1970-12-31,59478.0,1876,Eli Lilly,33625
288,LNC,Lincoln National,reports,Financials,Multi-line Insurance,"Radnor, Pennsylvania",1976-06-30,59558.0,1905,Lincoln National,11357
289,LIN,Linde plc,reports,Materials,Industrial Gases,"Guildford, Surrey, United Kingdom",1992-07-01,1707925.0,1879,Linde,77551
290,LYV,Live Nation Entertainment,reports,Communication Services,Movies & Entertainment,"Beverly Hills, California",2019-12-23,1335258.0,2010,Live Nation Entertainment,25900
291,LKQ,LKQ Corporation,reports,Consumer Discretionary,Distributors,"Chicago, Illinois",2016-05-23,1065696.0,1998,LKQ,51000
292,LMT,Lockheed Martin Corp.,reports,Industrials,Aerospace & Defense,"Bethesda, Maryland",1984-07-31,936468.0,1995,Lockheed Martin,114000
293,L,Loews Corp.,reports,Financials,Multi-line Insurance,"New York, New York",,60086.0,1959,Loews,12200
294,LOW,Lowe's Cos.,reports,Consumer Discretionary,Home Improvement Retail,"Mooresville, North Carolina",1984-02-29,60667.0,1904/1946/1959,Lowe’s Companies,320000
295,LUMN,Lumen Technologies,reports,Communication Services,Alternative Carriers,"Monroe, Louisiana",1999-03-25,18926.0,1983 (1877),Lumen Technologies,39875
296,LYB,LyondellBasell,reports,Materials,Specialty Chemicals,"Rotterdam, Netherlands",2012-09-05,1489393.0,2007,LyondellBasell Industries,19100
297,MTB,M&T Bank,reports,Financials,Regional Banks,"Buffalo, New York",2004-02-23,36270.0,1856,M&T Bank,17316
298,MRO,Marathon Oil Corp.,reports,Energy,Oil & Gas Exploration & Production,"Houston, Texas",1991-05-01,101778.0,1887,Marathon Oil,2000
299,MPC,Marathon Petroleum,reports,Energy,Oil & Gas Refining & Marketing,"Findlay, Ohio",2011-07-01,1510295.0,2009 (1887),Marathon Petroleum,60910
300,MKTX,MarketAxess,reports,Financials,Financial Exchanges & Data,"New York, New York",2019-07-01,1278021.0,2000,MarketAxess Holdings,527
301,MAR,Marriott International,reports,Consumer Discretionary,"Hotels, Resorts & Cruise Lines","Bethesda, Maryland",,1048286.0,1927,Marriott Intl,174000
302,MMC,Marsh & McLennan,reports,Financials,Insurance Brokers,"New York, New York",1987-08-31,62709.0,1905,Marsh & McLennan,76000
303,MLM,Martin Marietta Materials,reports,Materials,Construction Materials,"Raleigh, North Carolina",2014-07-02,916076.0,1993,Martin Marietta Materials,8846
304,MAS,Masco Corp.,reports,Industrials,Building Products,"Livonia, Michigan",1981-06-30,62996.0,1929,Masco,18000
305,MA,Mastercard Inc.,reports,Information Technology,Data Processing & Outsourced Services,"Harrison, New York",2008-07-18,1141391.0,1966,Mastercard,21000
306,MKC,McCormick & Co.,reports,Consumer Staples,Packaged Foods & Meats,"Hunt Valley, Maryland",,63754.0,1889,McCormick & Co,13000
307,MXIM,Maxim Integrated Products,reports,Information Technology,Semiconductors,"San Jose, California",2018-12-03,743316.0,1983,Maxim Integrated Products,7115
308,MCD,McDonald's Corp.,reports,Consumer Discretionary,Restaurants,"Chicago, Illinois",1970-06-30,63908.0,1940,McDonald’s,205000
309,MCK,McKesson Corp.,reports,Health Care,Health Care Distributors,"Irving, Texas",,927653.0,1833,McKesson,80000
310,MDT,Medtronic plc,reports,Health Care,Health Care Equipment,"Dublin, Ireland",1986-10-31,1613103.0,1949,Medtronic,90000
311,MRK,Merck & Co.,reports,Health Care,Pharmaceuticals,"Kenilworth, New Jersey",1957-03-04,310158.0,1891,Merck & Co,71000
312,MET,MetLife Inc.,reports,Financials,Life & Health Insurance,"New York, New York",,1099219.0,1868,MetLife,49000
313,MTD,Mettler Toledo,reports,Health Care,Life Sciences Tools & Services,"Columbus, Ohio",2016-09-06,1037646.0,1945,Mettler-Toledo Intl,16500
314,MGM,MGM Resorts International,reports,Consumer Discretionary,Casinos & Gaming,"Paradise, Nevada",2017-07-26,789570.0,1986,MGM Resorts Intl,70000
315,MCHP,Microchip Technology,reports,Information Technology,Semiconductors,"Chandler, Arizona",2007-09-07,827054.0,1989,Microchip Technology,18000
316,MU,Micron Technology,reports,Information Technology,Semiconductors,"Boise, Idaho",1994-09-27,723125.0,1978,Micron Technology,40000
317,MSFT,Microsoft Corp.,reports,Information Technology,Systems Software,"Redmond, Washington",1994-06-01,789019.0,1975,Microsoft,163000
318,MAA,Mid-America Apartments,reports,Real Estate,Residential REITs,"Memphis, Tennessee",2016-12-02,912595.0,1977,Mid-America Apartment,2513
319,MHK,Mohawk Industries,reports,Consumer Discretionary,Home Furnishings,"Calhoun, Georgia",2013-12-23,851968.0,1878,Mohawk Industries,41800
320,TAP,Molson Coors Beverage Company,reports,Consumer Staples,Brewers,"Denver, Colorado",1976-06-30,24545.0,"2005 (Molson 1786, Coors 1873)",Molson Coors Beverage,17000
321,MDLZ,Mondelez International,reports,Consumer Staples,Packaged Foods & Meats,"Chicago, Illinois",2012-10-02,1103982.0,2012,Mondelez International,79000
322,MPWR,Monolithic Power Systems,reports,Information Technology,Semiconductors,"Kirkland, Washington",2021-02-12,1280452.0,1997,Monolithic Power Systems,2002
323,MNST,Monster Beverage,reports,Consumer Staples,Soft Drinks,"Corona, California",2012-06-28,865752.0,2012 (1935),Monster Beverage,2422
324,MCO,Moody's Corp,reports,Financials,Financial Exchanges & Data,"New York, New York",,1059556.0,1909,Moody’s,11259
325,MS,Morgan Stanley,reports,Financials,Investment Banking & Brokerage,"New York, New York",,895421.0,1935,Morgan Stanley,61437
326,MOS,The Mosaic Company,reports,Materials,Fertilizers & Agricultural Chemicals,"Tampa, Florida",2011-09-26,1285785.0,2004 (1865 / 1909),Mosaic,13300
327,MSI,Motorola Solutions Inc.,reports,Information Technology,Communications Equipment,"Chicago, Illinois",,68505.0,1928 (2011),Motorola Solutions,18000
328,MSCI,MSCI Inc,reports,Financials,Financial Exchanges & Data,"New York, New York",2018-04-04,1408198.0,1969,MSCI,3537
329,NDAQ,"Nasdaq, Inc.",reports,Financials,Financial Exchanges & Data,"New York, New York",2008-10-22,1120193.0,1971,Nasdaq,4590
330,NTAP,NetApp,reports,Information Technology,"Technology Hardware, Storage & Peripherals","Sunnyvale, California",1999-06-25,1002047.0,1992,NetApp,10800
331,NFLX,Netflix Inc.,reports,Communication Services,Movies & Entertainment,"Los Gatos, California",2010-12-20,1065280.0,1997,Netflix,9400
332,NWL,Newell Brands,reports,Consumer Discretionary,Housewares & Specialties,"Atlanta, Georgia",1989-04-30,814453.0,1903,Newell Brands,30000
333,NEM,Newmont Corporation,reports,Materials,Gold,"Denver, Colorado",1969-06-30,1164727.0,1921,Newmont,16600
334,NWSA,News Corp (Class A),reports,Communication Services,Publishing,"New York, New York",2013-08-01,1564708.0,2013 (1980),News,23500
335,NWS,News Corp (Class B),reports,Communication Services,Publishing,"New York, New York",2015-09-18,1564708.0,2013 (1980),News,23500
336,NEE,NextEra Energy,reports,Utilities,Multi-Utilities,"Juno Beach, Florida",1976-06-30,753308.0,1984 (1925),NextEra Energy,14900
337,NLSN,Nielsen Holdings,reports,Industrials,Research & Consulting Services,"New York, New York",2013-07-09,1492633.0,1923,Nielsen Holdings,46000
338,NKE,"Nike, Inc.",reports,Consumer Discretionary,"Apparel, Accessories & Luxury Goods","Washington County, Oregon",1988-11-30,320187.0,1964,Nike,75400
339,NI,NiSource Inc.,reports,Utilities,Multi-Utilities,"Merrillville, Indiana",,1111711.0,1912,NiSource,8363
340,NSC,Norfolk Southern Corp.,reports,Industrials,Railroads,"Norfolk, Virginia",1957-03-04,702165.0,1881/1894 (1980),Norfolk Southern,20156
341,NTRS,Northern Trust Corp.,reports,Financials,Asset Management & Custody Banks,"Chicago, Illinois",,73124.0,1889,Northern Trust,19800
342,NOC,Northrop Grumman,reports,Industrials,Aerospace & Defense,"West Falls Church, Virginia",1985-06-30,1133421.0,"1994 (Northrop 1939, Grumman 1930)",Northrop Grumman,97000
343,NLOK,NortonLifeLock,reports,Information Technology,Application Software,"Tempe, Arizona",2003-03-25,849399.0,1982,NortonLifeLock,3600
344,NCLH,Norwegian Cruise Line Holdings,reports,Consumer Discretionary,"Hotels, Resorts & Cruise Lines","Miami, Florida",2017-10-13,1513761.0,2011 (1966),Norwegian Cruise Line,36000
345,NOV,NOV Inc.,reports,Energy,Oil & Gas Equipment & Services,"Houston, Texas",2005-03-14,1021860.0,1841,NOV,29593
346,NRG,NRG Energy,reports,Utilities,Independent Power Producers & Energy Traders,"Princeton, New Jersey",2010-01-29,1013871.0,1992,NRG Energy,4577
347,NUE,Nucor Corp.,reports,Materials,Steel,"Charlotte, North Carolina",1985-04-30,73309.0,1940,Nucor,26800
348,NVDA,Nvidia Corporation,reports,Information Technology,Semiconductors,"Santa Clara, California",2001-11-30,1045810.0,1993,NVIDIA,13775
349,NVR,"NVR, Inc.",reports,Consumer Discretionary,Homebuilding,"Reston, Virginia",2019-09-26,906163.0,1980,NVR,6100
350,NXPI,NXP Semiconductors,reports,Information Technology,Semiconductors,"Eindhoven, Netherlands",2021-03-22,1413447.0,1953,,-1
351,ORLY,O'Reilly Automotive,reports,Consumer Discretionary,Specialty Stores,"Springfield, Missouri",2009-03-27,898173.0,1957,O’Reilly Automotive,82167
352,OXY,Occidental Petroleum,reports,Energy,Oil & Gas Exploration & Production,"Houston, Texas",1982-12-31,797468.0,1920,Occidental Petroleum,14400
353,ODFL,Old Dominion Freight Line,reports,Industrials,Trucking,"Thomasville, North Carolina",2019-12-09,878927.0,1934,Old Dominion Freight Line,20105
354,OMC,Omnicom Group,reports,Communication Services,Advertising,"New York, New York",,29989.0,1986,Omnicom Group,70000
355,OKE,Oneok,reports,Energy,Oil & Gas Storage & Transportation,"Tulsa, Oklahoma",2010-03-15,1039684.0,1906,ONEOK,2882
356,ORCL,Oracle Corp.,reports,Information Technology,Application Software,"Austin, Texas",1989-08-31,1341439.0,1977,Oracle,135000
357,OTIS,Otis Worldwide,reports,Industrials,Industrial Machinery,"Farmington, Connecticut",2020-04-03,1781335.0,2020 (1853),Otis Worldwide,69000
358,PCAR,Paccar,reports,Industrials,Construction Machinery & Heavy Trucks,"Bellevue, Washington",1980-12-31,75362.0,1905,PACCAR,27000
359,PKG,Packaging Corporation of America,reports,Materials,Paper Packaging,"Lake Forest, Illinois",2017-07-26,75677.0,1959,Packaging Corp of America,15500
360,PH,Parker-Hannifin,reports,Industrials,Industrial Machinery,"Cleveland, Ohio",1985-11-30,76334.0,1917,Parker Hannifin,50520
361,PAYX,Paychex Inc.,reports,Information Technology,Data Processing & Outsourced Services,"Penfield, New York",,723531.0,1971,Paychex,15800
362,PAYC,Paycom,reports,Information Technology,Application Software,"Oklahoma City, Oklahoma",2020-01-28,1590955.0,1998,Paycom Software,3765
363,PYPL,PayPal,reports,Information Technology,Data Processing & Outsourced Services,"San Jose, California",2015-07-20,1633917.0,1998,PayPal Holdings,26500
364,PENN,Penn National Gaming,reports,Consumer Discretionary,Casinos & Gaming,"Wyomissing, Pennsylvania",2021-03-22,921738.0,1972,,-1
365,PNR,Pentair plc,reports,Industrials,Industrial Machinery,"Worsley, UK",2012-10-01,77360.0,1966,Pentair,9500
366,PBCT,People's United Financial,reports,Financials,Thrifts & Mortgage Finance,"Bridgeport, Connecticut",2008-11-13,1378946.0,1842,People’s United Finl,6499
367,PEP,PepsiCo Inc.,reports,Consumer Staples,Soft Drinks,"Purchase, New York",1957-03-04,77476.0,1898,PepsiCo,291000
368,PKI,PerkinElmer,reports,Health Care,Health Care Equipment,"Waltham, Massachusetts",1985-05-31,31791.0,1937,PerkinElmer,13000
369,PRGO,Perrigo,reports,Health Care,Pharmaceuticals,"Dublin, Ireland",2011-12-19,1585364.0,2013 (1887),Perrigo,11200
370,PFE,Pfizer Inc.,reports,Health Care,Pharmaceuticals,"New York, New York",1957-03-04,78003.0,1849,Pfizer,88300
371,PM,Philip Morris International,reports,Consumer Staples,Tobacco,"New York, New York",2008-03-31,1413329.0,2008 (1847),Philip Morris Intl,71000
372,PSX,Phillips 66,reports,Energy,Oil & Gas Refining & Marketing,"Houston, Texas",2012-05-01,1534701.0,2012 (1917),Phillips 66,14500
373,PNW,Pinnacle West Capital,reports,Utilities,Multi-Utilities,"Phoenix, Arizona",,764622.0,1985,Pinnacle West Capital,6210
374,PXD,Pioneer Natural Resources,reports,Energy,Oil & Gas Exploration & Production,"Irving, Texas",2008-09-24,1038357.0,1997,Pioneer Natural Resources,2323
375,PNC,PNC Financial Services,reports,Financials,Regional Banks,"Pittsburgh, Pennsylvania",1988-04-30,713676.0,1845,PNC Financial Services Gr,51918
376,POOL,Pool Corporation,reports,Consumer Discretionary,Distributors,"Covington, Louisiana",2020-10-07,945841.0,1993,Pool,4500
377,PPG,PPG Industries,reports,Materials,Specialty Chemicals,"Pittsburgh, Pennsylvania",1957-03-04,79879.0,1883,PPG Industries,43000
378,PPL,PPL Corp.,reports,Utilities,Electric Utilities,"Allentown, Pennsylvania",,922224.0,1920,PPL,12280
379,PFG,Principal Financial Group,reports,Financials,Life & Health Insurance,"Des Moines, Iowa",2002-07-22,1126328.0,1879,Principal Financial Group,17400
380,PG,Procter & Gamble,reports,Consumer Staples,Personal Products,"Cincinnati, Ohio",1957-03-04,80424.0,1837,Procter & Gamble,99000
381,PGR,Progressive Corp.,reports,Financials,Property & Casualty Insurance,"Mayfield Village, Ohio",1997-08-04,80661.0,1937,Progressive,41571
382,PLD,Prologis,reports,Real Estate,Industrial REITs,"San Francisco, California",2003-07-17,1045609.0,1983,Prologis,1945
383,PRU,Prudential Financial,reports,Financials,Life & Health Insurance,"Newark, New Jersey",2002-07-22,1137774.0,1875,Prudential Financial,51511
384,PEG,Public Service Enterprise Group (PSEG),reports,Utilities,Electric Utilities,"Newark, New Jersey",1957-03-04,788784.0,1903,Public Service Enterprise,12992
385,PSA,Public Storage,reports,Real Estate,Specialized REITs,"Glendale, California",2005-08-19,1393311.0,1972,Public Storage,5900
386,PHM,PulteGroup,reports,Consumer Discretionary,Homebuilding,"Atlanta, Georgia",1984-04-30,822416.0,1956,PulteGroup,5249
387,PVH,PVH Corp.,reports,Consumer Discretionary,"Apparel, Accessories & Luxury Goods","New York, New York",2013-02-15,78239.0,1881,PVH,40000
388,QRVO,Qorvo,reports,Information Technology,Semiconductors,"Greensboro, North Carolina",2015-06-11,1604778.0,2015,Qorvo,7900
389,PWR,Quanta Services Inc.,reports,Industrials,Construction & Engineering,"Houston, Texas",2009-07-01,1050915.0,1997,Quanta Services,40300
390,QCOM,Qualcomm,reports,Information Technology,Semiconductors,"San Diego, California",,804328.0,1985,Qualcomm,41000
391,DGX,Quest Diagnostics,reports,Health Care,Health Care Services,"Secaucus, New Jersey",2002-12-12,1022079.0,1967,Quest Diagnostics,47000
392,RL,Ralph Lauren Corporation,reports,Consumer Discretionary,"Apparel, Accessories & Luxury Goods","New York, New York",2007-02-02,1037038.0,1967,Ralph Lauren,24900
393,RJF,Raymond James Financial,reports,Financials,Investment Banking & Brokerage,"St. Petersburg, Florida",2017-03-20,720005.0,1962,Raymond James Financial,14800
394,RTX,Raytheon Technologies,reports,Industrials,Aerospace & Defense,"Waltham, Massachusetts",,101829.0,1922,Raytheon Technologies,181000
395,O,Realty Income Corporation,reports,Real Estate,Retail REITs,"San Diego, California",2015-04-07,726728.0,1969,Realty Income,197
396,REG,Regency Centers Corporation,reports,Real Estate,Retail REITs,"Jacksonville, Florida",2017-03-02,910606.0,1963,Regency Centers,450
397,REGN,Regeneron Pharmaceuticals,reports,Health Care,Biotechnology,"Tarrytown, New York",2013-05-01,872589.0,1988,Regeneron Pharmaceuticals,9123
398,RF,Regions Financial Corp.,reports,Financials,Regional Banks,"Birmingham, Alabama",1998-08-28,1281761.0,1971,Regions Financial,19786
399,RSG,Republic Services Inc,reports,Industrials,Environmental & Facilities Services,"Phoenix, Arizona",2008-12-05,1060391.0,1998 (1981),Republic Services,36000
400,RMD,ResMed,reports,Health Care,Health Care Equipment,"San Diego, California",2017-07-26,943819.0,1989,ResMed,7770
401,RHI,Robert Half International,reports,Industrials,Human Resource & Employment Services,"Menlo Park, California",2000-12-05,315213.0,1948,Robert Half International,163500
402,ROK,Rockwell Automation Inc.,reports,Industrials,Electrical Components & Equipment,"Milwaukee, Wisconsin",,1024478.0,1903,Rockwell Automation,23500
403,ROL,"Rollins, Inc.",reports,Industrials,Environmental & Facilities Services,"Atlanta, Georgia",2018-10-01,84839.0,1948,Rollins,14952
404,ROP,Roper Technologies,reports,Industrials,Industrial Conglomerates,"Sarasota, Florida",2009-12-23,882835.0,1981,Roper Technologies,16460
405,ROST,Ross Stores,reports,Consumer Discretionary,Apparel Retail,"Dublin, California",2009-12-21,745732.0,1982,Ross Stores,92500
406,RCL,Royal Caribbean Group,reports,Consumer Discretionary,"Hotels, Resorts & Cruise Lines","Miami, Florida",2014-12-05,884887.0,1997,Royal Caribbean Group,85400
407,SPGI,S&P Global Inc.,reports,Financials,Financial Exchanges & Data,"New York, New York",,64040.0,1917,S&P Global,23000
408,CRM,Salesforce.com,reports,Information Technology,Application Software,"San Francisco, California",2008-09-15,1108524.0,1999,Salesforce.com,49000
409,SBAC,SBA Communications,reports,Real Estate,Specialized REITs,"Boca Raton, Florida",2017-09-01,1034054.0,1989,SBA Communications,1475
410,SLB,Schlumberger Ltd.,reports,Energy,Oil & Gas Equipment & Services,"Curaçao, Kingdom of the Netherlands",1965-03-31,87347.0,1926,Schlumberger,86000
411,STX,Seagate Technology,reports,Information Technology,"Technology Hardware, Storage & Peripherals","Dublin, Ireland",2012-07-02,1137789.0,1979,Seagate Technology,42000
412,SEE,Sealed Air,reports,Materials,Paper Packaging,"Charlotte, North Carolina",1957-03-04,1012100.0,1960,Sealed Air,16500
413,SRE,Sempra Energy,reports,Utilities,Multi-Utilities,"San Diego, California",,1032208.0,1998,Sempra Energy,13969
414,NOW,ServiceNow,reports,Information Technology,Systems Software,"Santa Clara, California",2019-11-21,1373715.0,2003,ServiceNow,12197
415,SHW,Sherwin-Williams,reports,Materials,Specialty Chemicals,"Cleveland, Ohio",1964-06-30,89800.0,1866,Sherwin-Williams,61111
416,SPG,Simon Property Group Inc,reports,Real Estate,Retail REITs,"Indianapolis, Indiana",2002-06-26,1063761.0,2003,Simon Property Group,4500
417,SWKS,Skyworks Solutions,reports,Information Technology,Semiconductors,"Woburn, Massachusetts",2015-03-12,4127.0,2002,Skyworks Solutions,10000
418,SNA,Snap-on,reports,Industrials,Industrial Machinery,"Kenosha, Wisconsin",1982-09-30,91440.0,1920,Snap-on,12300
419,SO,Southern Company,reports,Utilities,Electric Utilities,"Atlanta, Georgia",1957-03-04,92122.0,1945,Southern,27943
420,LUV,Southwest Airlines,reports,Industrials,Airlines,"Dallas, Texas",1994-07-01,92380.0,1967,Southwest Airlines,59117
421,SWK,Stanley Black & Decker,reports,Industrials,Industrial Machinery,"New Britain, Connecticut",1982-09-30,93556.0,1843,Stanley Black & Decker,59438
422,SBUX,Starbucks Corp.,reports,Consumer Discretionary,Restaurants,"Seattle, Washington",,829224.0,1971,Starbucks,349000
423,STT,State Street Corp.,reports,Financials,Asset Management & Custody Banks,"Boston, Massachusetts",,93751.0,1792,State Street,39117
424,STE,Steris,reports,Health Care,Health Care Equipment,"Dublin, Ireland",2019-12-23,1757898.0,1985,Steris,13000
425,SYK,Stryker Corp.,reports,Health Care,Health Care Equipment,"Kalamazoo, Michigan",2000-12-12,310764.0,1941,Stryker,43000
426,SIVB,SVB Financial,reports,Financials,Regional Banks,"Santa Clara, California",2018-03-19,719739.0,1983,SVB Financial,3898
427,SYF,Synchrony Financial,reports,Financials,Consumer Finance,"Stamford, Connecticut",2015-11-18,1601712.0,2003,Synchrony Finl,16500
428,SNPS,Synopsys Inc.,reports,Information Technology,Application Software,"Mountain View, California",2017-03-16,883241.0,1986,Synopsys,15036
429,SYY,Sysco Corp.,reports,Consumer Staples,Food Distributors,"Houston, Texas",1986-12-31,96021.0,1969,Sysco,57000
430,TMUS,T-Mobile US,reports,Communication Services,Wireless Telecommunication Services,"Bellevue, Washington",2019-07-15,1283699.0,1994,T-Mobile US,53000
431,TROW,T. Rowe Price Group,reports,Financials,Asset Management & Custody Banks,"Baltimore, Maryland",,1113169.0,1937,T. Rowe Price Group,7678
432,TTWO,Take-Two Interactive,reports,Communication Services,Interactive Home Entertainment,"New York, New York",2018-03-19,946581.0,1993,Take-Two Interactive,5800
433,TPR,"Tapestry, Inc.",reports,Consumer Discretionary,"Apparel, Accessories & Luxury Goods","New York, New York",,1116132.0,2017,Tapestry,17300
434,TGT,Target Corp.,reports,Consumer Discretionary,General Merchandise Stores,"Minneapolis, Minnesota",1976-12-31,27419.0,1902,Target,368000
435,TEL,TE Connectivity Ltd.,reports,Information Technology,Electronic Manufacturing Services,"Schaffhausen, Switzerland",2011-10-17,1385157.0,2007,TE Connectivity,82000
436,TDY,Teledyne Technologies,reports,Industrials,Aerospace & Defense,"Thousand Oaks, California",2020-06-22,1094285.0,1960,Teledyne Technologies,11790
437,TFX,Teleflex,reports,Health Care,Health Care Equipment,"Wayne, Pennsylvania",2019-01-18,96943.0,1943,Teleflex,14400
438,TER,Teradyne,reports,Information Technology,Semiconductor Equipment,"North Reading, Massachusetts",2020-09-21,97210.0,1960,Teradyne,5400
439,TSLA,"Tesla, Inc.",reports,Consumer Discretionary,Automobile Manufacturers,"Palo Alto, California",2020-12-21,1318605.0,2003,Tesla,70757
440,TXN,Texas Instruments,reports,Information Technology,Semiconductors,"Dallas, Texas",,97476.0,1930,Texas Instruments,30000
441,TXT,Textron Inc.,reports,Industrials,Aerospace & Defense,"Providence, Rhode Island",1978-12-31,217346.0,1923,Textron,35000
442,TMO,Thermo Fisher Scientific,reports,Health Care,Life Sciences Tools & Services,"Waltham, Massachusetts",2004-08-03,97745.0,2006 (1902),Thermo Fisher Scientific,75000
443,TJX,TJX Companies Inc.,reports,Consumer Discretionary,Apparel Retail,"Framingham, Massachusetts",1985-09-30,109198.0,1987,TJX Companies,286000
444,TSCO,Tractor Supply Company,reports,Consumer Discretionary,Specialty Stores,"Brentwood, Tennessee",2014-01-24,916365.0,1938,Tractor Supply,32000
445,TT,Trane Technologies plc,reports,Industrials,Building Products,"Dublin, Ireland",2010-11-17,1466258.0,1871,Trane Technologies,35000
446,TDG,TransDigm Group,reports,Industrials,Aerospace & Defense,"Cleveland, Ohio",2016-06-03,1260221.0,1993,TransDigm Gr,14200
447,TRV,The Travelers Companies,reports,Financials,Property & Casualty Insurance,"New York, New York",2002-08-21,86312.0,1853,Travelers Companies,30600
448,TRMB,Trimble Inc.,reports,Information Technology,Electronic Equipment & Instruments,"Sunnyvale, California",2021-01-21,864749.0,1978,Trimble,11484
449,TFC,Truist Financial,reports,Financials,Regional Banks,"Charlotte, North Carolina",1997-12-04,92230.0,1872,Truist Financial,59000
450,TWTR,"Twitter, Inc.",reports,Communication Services,Interactive Media & Services,"San Francisco, California",2018-06-07,1418091.0,2006,Twitter,4900
451,TYL,Tyler Technologies,reports,Information Technology,Application Software,"Plano, Texas",2020-06-22,860731.0,1966,Tyler Technologies,5455
452,TSN,Tyson Foods,reports,Consumer Staples,Packaged Foods & Meats,"Springdale, Arkansas",,100493.0,1935,Tyson Foods,139500
453,UDR,"UDR, Inc.",reports,Real Estate,Residential REITs,"Highlands Ranch, Colorado",2016-03-07,74208.0,1972,UDR,1351
454,ULTA,Ulta Beauty,reports,Consumer Discretionary,Specialty Stores,"Bolingbrook, Illinois",2016-04-18,1403568.0,1990,Ulta Beauty,44000
455,USB,U.S. Bancorp,reports,Financials,Diversified Banks,"Minneapolis, Minnesota",,36104.0,1968,U.S. Bancorp,69651
456,UAA,Under Armour (Class A),reports,Consumer Discretionary,"Apparel, Accessories & Luxury Goods","Baltimore, Maryland",2014-05-01,1336917.0,1996,Under Armour,16400
457,UA,Under Armour (Class C),reports,Consumer Discretionary,"Apparel, Accessories & Luxury Goods","Baltimore, Maryland",2016-04-08,1336917.0,1996,Under Armour,16400
458,UNP,Union Pacific Corp,reports,Industrials,Railroads,"Omaha, Nebraska",1957-03-04,100885.0,1862,Union Pacific,31285
459,UAL,United Airlines Holdings,reports,Industrials,Airlines,"Chicago, Illinois",2015-09-03,100517.0,1967,United Airlines Holdings,92725
460,UNH,UnitedHealth Group Inc.,reports,Health Care,Managed Health Care,"Minnetonka, Minnesota",1994-07-01,731766.0,1977,UnitedHealth Group,325000
461,UPS,United Parcel Service,reports,Industrials,Air Freight & Logistics,"Atlanta, Georgia",2002-07-22,1090727.0,1907,United Parcel Service,495000
462,URI,"United Rentals, Inc.",reports,Industrials,Trading Companies & Distributors,"Stamford, Connecticut",2014-09-20,1067701.0,1997,United Rentals,18250
463,UHS,Universal Health Services,reports,Health Care,Health Care Facilities,"King of Prussia, Pennsylvania",2014-09-20,352915.0,1979,Universal Health Services,90400
464,UNM,Unum Group,reports,Financials,Life & Health Insurance,"Chattanooga, Tennessee",1994-03-01,5513.0,1999,Unum,10300
465,VLO,Valero Energy,reports,Energy,Oil & Gas Refining & Marketing,"San Antonio, Texas",,1035002.0,1980,Valero Energy,10222
466,VAR,Varian Medical Systems,reports,Health Care,Health Care Equipment,"Palo Alto, California",2007-02-12,203527.0,1948,Varian Medical Systems,10372
467,VTR,Ventas Inc,reports,Real Estate,Health Care REITs,"Chicago, Illinois",2009-03-04,740260.0,1998,Ventas,516
468,VRSN,Verisign Inc.,reports,Information Technology,Internet Services & Infrastructure,"Dulles, Virginia",2006-02-01,1014473.0,1995,VeriSign,872
469,VRSK,Verisk Analytics,reports,Industrials,Research & Consulting Services,"Jersey City, New Jersey",2015-10-08,1442145.0,1971,Verisk Analytics,9300
470,VZ,Verizon Communications,reports,Communication Services,Integrated Telecommunication Services,"New York, New York",1983-11-30,732712.0,1983 (1877),Verizon Communications,134750
471,VRTX,Vertex Pharmaceuticals Inc,reports,Health Care,Biotechnology,"Cambridge, Massachusetts",2013-09-23,875320.0,1989,Vertex Pharmaceuticals,3400
472,VFC,VF Corporation,reports,Consumer Discretionary,"Apparel, Accessories & Luxury Goods","Denver, Colorado",1979-06-30,103379.0,1899,VF,48000
473,VIAC,ViacomCBS,reports,Communication Services,Movies & Entertainment,"New York, New York",,813828.0,2019 (1952),ViacomCBS,28570
474,VTRS,Viatris,reports,Health Care,Pharmaceuticals,"Pittsburgh, Pennsylvania",2004-04-23,1792044.0,1961,Viatris,35000
475,V,Visa Inc.,reports,Information Technology,Data Processing & Outsourced Services,"San Francisco, California",2009-12-21,1403161.0,1958,Visa,20500
476,VNO,Vornado Realty Trust,reports,Real Estate,Office REITs,"New York, New York",,899689.0,1982,Vornado Realty,4008
477,VMC,Vulcan Materials,reports,Materials,Construction Materials,"Birmingham, Alabama",1999-06-30,1396009.0,1909,Vulcan Materials,8767
478,WRB,W. R. Berkley Corporation,reports,Financials,Property & Casualty Insurance,"Greenwich, Connecticut",2019-12-05,11544.0,1967,WR Berkley,7493
479,WAB,Westinghouse Air Brake Technologies Corp,reports,Industrials,Construction Machinery & Heavy Trucks,"Wilmerding, Pennsylvania",2019-02-27,943452.0,1999 (1869),Westinghouse Air Brake,27500
480,WMT,Walmart,reports,Consumer Staples,Hypermarkets & Super Centers,"Bentonville, Arkansas",1982-08-31,104169.0,1962,Walmart,2200000
481,WBA,Walgreens Boots Alliance,reports,Consumer Staples,Drug Retail,"Deerfield, Illinois",1979-12-31,1618921.0,2014,Walgreens Boots Alliance,331000
482,DIS,The Walt Disney Company,reports,Communication Services,Movies & Entertainment,"Burbank, California",1976-06-30,1744489.0,1923,Walt Disney,205500
483,WM,Waste Management Inc.,reports,Industrials,Environmental & Facilities Services,"Houston, Texas",,823768.0,1968,Waste Management,44900
484,WAT,Waters Corporation,reports,Health Care,Health Care Distributors,"Milford, Massachusetts",,1000697.0,1958,Waters,7500
485,WEC,WEC Energy Group,reports,Utilities,Electric Utilities,"Milwaukee, Wisconsin",2008-10-31,783325.0,1896,WEC Energy Gr,7509
486,WFC,Wells Fargo,reports,Financials,Diversified Banks,"San Francisco, California",1976-06-30,72971.0,1852,Wells Fargo,262100
487,WELL,Welltower Inc.,reports,Real Estate,Health Care REITs,"Toledo, Ohio",2009-01-30,766704.0,1970,Welltower,423
488,WST,West Pharmaceutical Services,reports,Health Care,Health Care Supplies,"Exton, Pennsylvania",2020-05-22,105770.0,1923,West Pharmaceutical Servs,8200
489,WDC,Western Digital,reports,Information Technology,"Technology Hardware, Storage & Peripherals","San Jose, California",2009-07-01,106040.0,1970,Western Digital,63800
490,WU,Western Union Co,reports,Information Technology,Data Processing & Outsourced Services,"Englewood, Colorado",2006-09-29,1365135.0,1851,The Western Union,11500
491,WRK,WestRock,reports,Materials,Paper Packaging,"Atlanta, Georgia",,1732845.0,2015,WestRock,49300
492,WY,Weyerhaeuser,reports,Real Estate,Specialized REITs,"Federal Way, Washington",,106535.0,1900,Weyerhaeuser,9400
493,WHR,Whirlpool Corp.,reports,Consumer Discretionary,Household Appliances,"Benton Harbor, Michigan",,106640.0,1911,Whirlpool,77500
494,WMB,Williams Companies,reports,Energy,Oil & Gas Storage & Transportation,"Tulsa, Oklahoma",1975-03-31,107263.0,1908,Williams Companies,4812
495,WLTW,Willis Towers Watson,reports,Financials,Insurance Brokers,"London, United Kingdom",2016-01-05,1140536.0,2016,Willis Towers Watson,45400
496,WYNN,Wynn Resorts Ltd,reports,Consumer Discretionary,Casinos & Gaming,"Paradise, Nevada",2008-11-14,1174922.0,2002,Wynn Resorts,30200
497,XEL,Xcel Energy Inc,reports,Utilities,Multi-Utilities,"Minneapolis, Minnesota",1957-03-04,72903.0,1909,Xcel Energy,11317
498,XLNX,Xilinx,reports,Information Technology,Semiconductors,"San Jose, California",1999-11-08,743988.0,1984,Xilinx,4891
499,XYL,Xylem Inc.,reports,Industrials,Industrial Machinery,"White Plains, New York",2011-11-01,1524472.0,2011,Xylem,16300
500,YUM,Yum! Brands Inc,reports,Consumer Discretionary,Restaurants,"Louisville, Kentucky",1997-10-06,1041061.0,1997,Yum Brands,34000
501,ZBRA,Zebra Technologies,reports,Information Technology,Electronic Equipment & Instruments,"Lincolnshire, Illinois",2019-12-23,877212.0,1969,Zebra Technologies,8800
502,ZBH,Zimmer Biomet,reports,Health Care,Health Care Equipment,"Warsaw, Indiana",2001-08-07,1136869.0,1927,Zimmer Biomet Holdings,19900
503,ZION,Zions Bancorp,reports,Financials,Regional Banks,"Salt Lake City, Utah",2001-06-22,109380.0,1873,Zions Bancorp,9873
504,ZTS,Zoetis,reports,Health Care,Pharmaceuticals,"Parsippany, New Jersey",2013-06-21,1555280.0,1952,Zoetis,10600
